{"cameraMode":{"drawMode":0,"name":"Shaded","section":"Shading Mode"},"sceneLighting":true,"audioPlay":false,"sceneViewState":{"m_AlwaysRefresh":false,"showFog":true,"showSkybox":true,"showFlares":true,"showImageEffects":true,"showParticleSystems":true,"showVisualEffectGraphs":true,"m_FxEnabled":true},"in2DMode":false,"pivot":{"x":1.3344279527664185,"y":4.891643524169922,"z":0.02628558874130249},"rotation":{"x":-0.6697021126747131,"y":-0.0017844927497208119,"z":0.001609219005331397,"w":-0.7426266670227051},"size":2.6529080867767336,"orthographic":false}