{"cameraMode":{"drawMode":0,"name":"Shaded","section":"Shading Mode"},"sceneLighting":true,"audioPlay":false,"sceneViewState":{"m_AlwaysRefresh":false,"showFog":true,"showSkybox":true,"showFlares":true,"showImageEffects":true,"showParticleSystems":true,"showVisualEffectGraphs":true,"m_FxEnabled":true},"in2DMode":false,"pivot":{"x":0.1063593178987503,"y":-2.467496871948242,"z":-0.15272092819213868},"rotation":{"x":0.640683650970459,"y":0.003455074969679117,"z":-0.002883087145164609,"w":0.7677903175354004},"size":5.7603654861450199,"orthographic":false}