{"cameraMode":{"drawMode":0,"name":"Shaded","section":"Shading Mode"},"sceneLighting":true,"audioPlay":false,"sceneViewState":{"m_AlwaysRefresh":false,"showFog":true,"showSkybox":true,"showFlares":true,"showImageEffects":true,"showParticleSystems":true,"showVisualEffectGraphs":true,"m_FxEnabled":true},"in2DMode":false,"pivot":{"x":0.09681116789579392,"y":0.4272956848144531,"z":1.5400453805923463},"rotation":{"x":0.2060539424419403,"y":-0.6633005142211914,"z":0.19757631421089173,"w":0.6917609572410584},"size":3.387178659439087,"orthographic":false}