{"cameraMode":{"drawMode":0,"name":"Shaded","section":"Shading Mode"},"sceneLighting":true,"audioPlay":false,"sceneViewState":{"m_AlwaysRefresh":false,"showFog":true,"showSkybox":true,"showFlares":true,"showImageEffects":true,"showParticleSystems":true,"showVisualEffectGraphs":true,"m_FxEnabled":true},"in2DMode":false,"pivot":{"x":0.0015467863995581866,"y":1.859206199645996,"z":-0.08516864478588104},"rotation":{"x":-0.23770229518413545,"y":0.004360499791800976,"z":-0.0010706789325922728,"w":-0.9713347554206848},"size":3.729231357574463,"orthographic":true}