{"cameraMode":{"drawMode":0,"name":"Shaded","section":"Shading Mode"},"sceneLighting":true,"audioPlay":false,"sceneViewState":{"m_AlwaysRefresh":false,"showFog":true,"showSkybox":true,"showFlares":true,"showImageEffects":true,"showParticleSystems":true,"showVisualEffectGraphs":true,"m_FxEnabled":true},"in2DMode":false,"pivot":{"x":-0.3485884666442871,"y":-5.297209739685059,"z":6.2998151779174809},"rotation":{"x":-0.3984263241291046,"y":0.006051326170563698,"z":-0.002628578105941415,"w":-0.9171769618988037},"size":8.693504333496094,"orthographic":false}