{"cameraMode":{"drawMode":0,"name":"Shaded","section":"Shading Mode"},"sceneLighting":true,"audioPlay":false,"sceneViewState":{"m_AlwaysRefresh":false,"showFog":true,"showSkybox":true,"showFlares":true,"showImageEffects":true,"showParticleSystems":true,"showVisualEffectGraphs":true,"m_FxEnabled":true},"in2DMode":false,"pivot":{"x":2.9980077743530275,"y":2.123239755630493,"z":0.610385537147522},"rotation":{"x":0.031329281628131869,"y":0.7214736938476563,"z":-0.03271177038550377,"w":0.6909684538841248},"size":3.8176357746124269,"orthographic":false}