{"cameraMode":{"drawMode":0,"name":"Shaded","section":"Shading Mode"},"sceneLighting":true,"audioPlay":false,"sceneViewState":{"m_AlwaysRefresh":false,"showFog":true,"showSkybox":true,"showFlares":true,"showImageEffects":true,"showParticleSystems":true,"showVisualEffectGraphs":true,"m_FxEnabled":true},"in2DMode":false,"pivot":{"x":-19.183212280273439,"y":2.37603759765625,"z":15.880088806152344},"rotation":{"x":-0.01980709470808506,"y":0.009594789706170559,"z":-0.00019180667004548013,"w":-0.9997618794441223},"size":15.520817756652832,"orthographic":false}